1-11,//detail.tmall.com/item.htm?id=536391089007&amp;skuId=3212327449298&amp;areaId=110100&amp;user_id=2616970884&amp;cat_id=2&amp;is_b=1&amp;rn=4e27d71fc51a42ff41febb0e495165f1" target="_blank" title="Asus/华硕 FL5900UQ FL5900UQ7500-154BSYQ2X10,Asus/华硕 FL5900UQ FL5900UQ7500-154BSYQ2X10
2-11,//detail.tmall.com/item.htm?id=543482809810&amp;skuId=3270792461617&amp;areaId=110100&amp;user_id=2943026087&amp;cat_id=2&amp;is_b=1&amp;rn=4e27d71fc51a42ff41febb0e495165f1" target="_blank" title="酷睿7代 GTX1050独显,MSI/微星 GL62M 7RD-224CN
3-11,//detail.tmall.com/item.htm?id=531122586589&amp;skuId=3195279147502&amp;areaId=110100&amp;user_id=2182235688&amp;cat_id=2&amp;is_b=1&amp;rn=4e27d71fc51a42ff41febb0e495165f1" target="_blank" title="炫龙 炎魔T1 Pro,炫龙 炎魔T1 Pro
4-11,//detail.tmall.com/item.htm?id=525394255654&amp;skuId=3445908995959&amp;areaId=110100&amp;user_id=601366705&amp;cat_id=2&amp;is_b=1&amp;rn=4e27d71fc51a42ff41febb0e495165f1" target="_blank" title="GTX960M 背光键盘 SBC音效,QRTECH 麦本本 锋麦S3
5-11,//detail.tmall.com/item.htm?id=541652857494&amp;skuId=3300856941102&amp;areaId=110100&amp;user_id=3027432352&amp;cat_id=2&amp;is_b=1&amp;rn=4e27d71fc51a42ff41febb0e495165f1" target="_blank" title="512G纯固态 Intel四核 轻薄便携,Asus/华硕 R R417
7-11,//detail.tmall.com/item.htm?id=538280190765&amp;skuId=4611686556707578669&amp;areaId=110100&amp;user_id=416065570&amp;cat_id=2&amp;is_b=1&amp;rn=4e27d71fc51a42ff41febb0e495165f1" target="_blank" title="Dell/戴尔 燃7000 Ins-14 7460-1725S,Dell/戴尔 燃7000 Ins-14 7460-1725S
8-11,//detail.tmall.com/item.htm?id=543833074509&amp;skuId=3274099093027&amp;areaId=110100&amp;user_id=2923048015&amp;cat_id=2&amp;is_b=1&amp;rn=4e27d71fc51a42ff41febb0e495165f1" target="_blank" title="7代i5 轻薄便携 全金属超极本,Asus/华硕 U -
9-11,//detail.tmall.com/item.htm?id=542904094089&amp;skuId=4611686561331481993&amp;areaId=110100&amp;user_id=2923048015&amp;cat_id=2&amp;is_b=1&amp;rn=4e27d71fc51a42ff41febb0e495165f1" target="_blank" title="灵耀,Asus/华硕 灵耀 U4000UQ
10-11,//detail.tmall.com/item.htm?id=544478416226&amp;skuId=3281312068425&amp;areaId=110100&amp;user_id=1730407557&amp;cat_id=2&amp;is_b=1&amp;rn=4e27d71fc51a42ff41febb0e495165f1" target="_blank" title="MACHENIKE 机械师 T58,MACHENIKE 机械师 T58
11-11,//detail.tmall.com/item.htm?id=543115778090&amp;skuId=3267101329191&amp;areaId=110100&amp;user_id=1898722490&amp;cat_id=2&amp;is_b=1&amp;rn=4e27d71fc51a42ff41febb0e495165f1" target="_blank" title="游戏本,Asus/华硕 顽石 游戏本
12-11,//detail.tmall.com/item.htm?id=542807393133&amp;skuId=3449989662880&amp;areaId=110100&amp;user_id=1664665008&amp;cat_id=2&amp;is_b=1&amp;rn=4e27d71fc51a42ff41febb0e495165f1" target="_blank" title="Asus/华硕 A A556,Asus/华硕 A A556
13-11,//detail.tmall.com/item.htm?id=529724599608&amp;skuId=3195216994245&amp;areaId=110100&amp;user_id=1664665008&amp;cat_id=2&amp;is_b=1&amp;rn=4e27d71fc51a42ff41febb0e495165f1" target="_blank" title="6代i5处理器 拉丝外壳 GT930显卡,Asus/华硕 A556U A556UF6200-554ASCA2X10
14-11,//detail.tmall.com/item.htm?id=537924794160&amp;skuId=3274089477925&amp;areaId=110100&amp;user_id=2978509147&amp;cat_id=2&amp;is_b=1&amp;rn=4e27d71fc51a42ff41febb0e495165f1" target="_blank" title="i7处理器 256G SSD硬盘,MECHREVO/机械革命 X6TI X6Ti-M3
15-11,//detail.tmall.com/item.htm?id=536878508349&amp;skuId=3204676866751&amp;areaId=110100&amp;user_id=2943026087&amp;cat_id=2&amp;is_b=1&amp;rn=4e27d71fc51a42ff41febb0e495165f1" target="_blank" title="MSI/微星 GT72VR 6RD-082XCN,MSI/微星 GT72VR 6RD-082XCN
16-11,//detail.tmall.com/item.htm?id=528659806000&amp;skuId=3457996658597&amp;areaId=110100&amp;user_id=2638166432&amp;cat_id=2&amp;is_b=1&amp;rn=4e27d71fc51a42ff41febb0e495165f1" target="_blank" title="酷睿i7/8G内存/256SSD/高清屏幕,Asus/华硕 U U303LA5500
18-11,//detail.tmall.com/item.htm?id=540068287329&amp;skuId=3201627387863&amp;areaId=110100&amp;user_id=748337977&amp;cat_id=2&amp;is_b=1&amp;rn=4e27d71fc51a42ff41febb0e495165f1" target="_blank" title="Asus/华硕 a456 A456UJ6200,Asus/华硕 a456 A456UJ6200
19-11,//detail.tmall.com/item.htm?id=542141127511&amp;skuId=3421205367584&amp;areaId=110100&amp;user_id=2918377911&amp;cat_id=2&amp;is_b=1&amp;rn=4e27d71fc51a42ff41febb0e495165f1" target="_blank" title="GTX965 4G独显 多彩背光键盘,MECHREVO/机械革命 X6TI X6Ti多彩版
20-11,//detail.tmall.com/item.htm?id=540285644580&amp;skuId=3261513312768&amp;areaId=110100&amp;user_id=2978509147&amp;cat_id=2&amp;is_b=1&amp;rn=4e27d71fc51a42ff41febb0e495165f1" target="_blank" title="MECHREVO/机械革命 深海泰坦 X7ti,MECHREVO/机械革命 深海泰坦 X7ti
21-11,//detail.tmall.com/item.htm?id=541578148114&amp;skuId=3466974906486&amp;areaId=110100&amp;user_id=2435538353&amp;cat_id=2&amp;is_b=1&amp;rn=4e27d71fc51a42ff41febb0e495165f1" target="_blank" title="Lenovo/联想 小新510S 小新出色版,Lenovo/联想 小新510S 小新出色版
22-11,//detail.tmall.com/item.htm?id=544706096225&amp;skuId=3447325007427&amp;areaId=110100&amp;user_id=2918377911&amp;cat_id=2&amp;is_b=1&amp;rn=4e27d71fc51a42ff41febb0e495165f1" target="_blank" title="GTX965M 4G 酷睿I5,MECHREVO/机械革命 X6 X6Ti-02
23-11,//detail.tmall.com/item.htm?id=542470290383&amp;skuId=4611686560897678287&amp;areaId=110100&amp;user_id=601366705&amp;cat_id=2&amp;is_b=1&amp;rn=4e27d71fc51a42ff41febb0e495165f1" target="_blank" title="GTX960M 4G独显游戏本,QRTECH 麦本本 锋麦 4S
24-11,//detail.tmall.com/item.htm?id=538853460275&amp;skuId=3219028774977&amp;areaId=110100&amp;user_id=601366705&amp;cat_id=2&amp;is_b=1&amp;rn=4e27d71fc51a42ff41febb0e495165f1" target="_blank" title="i5笔记本8G内存,QRTECH 麦本本 小麦4S
25-11,//detail.tmall.com/item.htm?id=538648623237&amp;skuId=3237669061098&amp;areaId=110100&amp;user_id=2751608798&amp;cat_id=2&amp;is_b=1&amp;rn=4e27d71fc51a42ff41febb0e495165f1" target="_blank" title="HP/惠普 Pavilion 14 al125tx,HP/惠普 Pavilion 14 al125tx
26-11,//detail.tmall.com/item.htm?id=541648125391&amp;skuId=3252764829639&amp;areaId=110100&amp;user_id=3031774243&amp;cat_id=2&amp;is_b=1&amp;rn=4e27d71fc51a42ff41febb0e495165f1" target="_blank" title="六代CPU4G独显IPS屏SSD背光键盘,猎威 星战联盟 GX1-i7S1
27-11,//detail.tmall.com/item.htm?id=546118600927&amp;skuId=3463484666495&amp;areaId=110100&amp;user_id=3039144175&amp;cat_id=2&amp;is_b=1&amp;rn=4e27d71fc51a42ff41febb0e495165f1" target="_blank" title="IPS高清屏 独显2G 超薄便携,aierxuan 小轩 S1
29-11,//detail.tmall.com/item.htm?id=543817508611&amp;skuId=3438273407302&amp;areaId=110100&amp;user_id=255921860&amp;cat_id=2&amp;is_b=1&amp;rn=4e27d71fc51a42ff41febb0e495165f1" target="_blank" title="Hasee/神舟 战神 Z6-KP5D1,Hasee/神舟 战神 Z6-KP5D1
30-11,//detail.tmall.com/item.htm?id=543437409299&amp;skuId=3434337259021&amp;areaId=110100&amp;user_id=255921860&amp;cat_id=2&amp;is_b=1&amp;rn=4e27d71fc51a42ff41febb0e495165f1" target="_blank" title="Hasee/神舟 战神 Z7-KP7S1,Hasee/神舟 战神 Z7-KP7S1
31-11,//detail.tmall.com/item.htm?id=541928218377&amp;skuId=3281592300684&amp;areaId=110100&amp;user_id=379092568&amp;cat_id=2&amp;is_b=1&amp;rn=4e27d71fc51a42ff41febb0e495165f1" target="_blank" title="4G内存 Windows 10 i5处理器,Dell/戴尔 灵越 Ins15-7560-
32-11,//detail.tmall.com/item.htm?id=538462949678&amp;skuId=3448168523073&amp;areaId=110100&amp;user_id=379092568&amp;cat_id=2&amp;is_b=1&amp;rn=4e27d71fc51a42ff41febb0e495165f1" target="_blank" title="4G内存 Windows 10 i5处理器,Dell/戴尔 VOSTRO 系列 Vostro 5459-1528
33-11,//detail.tmall.com/item.htm?id=539366097660&amp;skuId=3293807317901&amp;areaId=110100&amp;user_id=686773455&amp;cat_id=2&amp;is_b=1&amp;rn=4e27d71fc51a42ff41febb0e495165f1" target="_blank" title="Asus/华硕 FX FX-PRO,Asus/华硕 FX FX-PRO
34-11,//detail.tmall.com/item.htm?id=542891769545&amp;skuId=4611686561319157449&amp;areaId=110100&amp;user_id=436821000&amp;cat_id=2&amp;is_b=1&amp;rn=4e27d71fc51a42ff41febb0e495165f1" target="_blank" title="Lenovo/联想 小新 310-IKB,Lenovo/联想 小新 310-IKB
35-11,//detail.tmall.com/item.htm?id=538433639086&amp;skuId=3466492139446&amp;areaId=110100&amp;user_id=2260266618&amp;cat_id=2&amp;is_b=1&amp;rn=4e27d71fc51a42ff41febb0e495165f1" target="_blank" title="256G固态 1080P高分屏 4G独显,Dell/戴尔 灵越Ins15 5565-R1945AX
36-11,//detail.tmall.com/item.htm?id=539016637499&amp;skuId=3220624326431&amp;areaId=110100&amp;user_id=2111250403&amp;cat_id=2&amp;is_b=1&amp;rn=4e27d71fc51a42ff41febb0e495165f1" target="_blank" title="GTX1060/6代i7/8G内存/1T硬盘,THUNDEROBOT 911 911-M1C
37-11,//detail.tmall.com/item.htm?id=544704835885&amp;skuId=3446738691356&amp;areaId=110100&amp;user_id=2763032887&amp;cat_id=2&amp;is_b=1&amp;rn=4e27d71fc51a42ff41febb0e495165f1" target="_blank" title="HP/惠普 PAVILION 15,HP/惠普 PAVILION 15
38-11,//detail.tmall.com/item.htm?id=527185812516&amp;skuId=4611686545613200420&amp;areaId=110100&amp;user_id=2182235688&amp;cat_id=2&amp;is_b=1&amp;rn=4e27d71fc51a42ff41febb0e495165f1" target="_blank" title="炫龙 炎魔T1 银魂T1,炫龙 炎魔T1 银魂T1
39-11,//detail.tmall.com/item.htm?id=544523876197&amp;skuId=3281687612574&amp;areaId=110100&amp;user_id=126446588&amp;cat_id=2&amp;is_b=1&amp;rn=4e27d71fc51a42ff41febb0e495165f1" target="_blank" title="Lenovo/联想 天逸 310-15ISK I5,Lenovo/联想 天逸 310-15ISK I5
40-11,//detail.tmall.com/item.htm?id=544438592052&amp;skuId=3458381731864&amp;areaId=110100&amp;user_id=686773455&amp;cat_id=2&amp;is_b=1&amp;rn=4e27d71fc51a42ff41febb0e495165f1" target="_blank" title="Asus/华硕 F F541,Asus/华硕 F F541
41-11,//detail.tmall.com/item.htm?id=541590302341&amp;skuId=4611686560017690245&amp;areaId=110100&amp;user_id=2484777365&amp;cat_id=2&amp;is_b=1&amp;rn=4e27d71fc51a42ff41febb0e495165f1" target="_blank" title="Asus/华硕 灵耀 u4000,Asus/华硕 灵耀 u4000
42-11,//detail.tmall.com/item.htm?id=44145436997&amp;skuId=79216141935&amp;areaId=110100&amp;user_id=1917047079&amp;cat_id=2&amp;is_b=1&amp;rn=4e27d71fc51a42ff41febb0e495165f1" target="_blank" title="Apple/苹果 13 英寸: MacBook Pro 2.7 GHz Retina 显示屏 128GB,Apple/苹果 13 英寸: MacBook Pro 2.7 GHz Retina 显示屏 128GB
43-11,//detail.tmall.com/item.htm?id=526226435720&amp;skuId=3278635197086&amp;areaId=110100&amp;user_id=2763032887&amp;cat_id=2&amp;is_b=1&amp;rn=4e27d71fc51a42ff41febb0e495165f1" target="_blank" title="15.6英寸 2G独显 i5处理器,HP/惠普 HP 15-ac195TX
44-11,//detail.tmall.com/item.htm?id=543432982068&amp;skuId=3270262485079&amp;areaId=110100&amp;user_id=2260266618&amp;cat_id=2&amp;is_b=1&amp;rn=4e27d71fc51a42ff41febb0e495165f1" target="_blank" title="Lenovo/联想 小新 510S,Lenovo/联想 小新 510S
45-11,//detail.tmall.com/item.htm?id=530592486648&amp;skuId=3160992450401&amp;areaId=110100&amp;user_id=1917047079&amp;cat_id=2&amp;is_b=1&amp;rn=4e27d71fc51a42ff41febb0e495165f1" target="_blank" title="Apple/苹果 13 英寸 MacBook Air 1.6GHz 处理器 256 GB 存储容量,Apple/苹果 13 英寸 MacBook Air 1.6GHz 处理器 256 GB 存储容量
46-11,//detail.tmall.com/item.htm?id=545239664879&amp;skuId=3288898689943&amp;areaId=110100&amp;user_id=2182235688&amp;cat_id=2&amp;is_b=1&amp;rn=4e27d71fc51a42ff41febb0e495165f1" target="_blank" title="GTX1050 Ti/桌面级处理器,炫龙 毁灭者 dd
47-11,//detail.tmall.com/item.htm?id=544574409814&amp;skuId=3446098695092&amp;areaId=110100&amp;user_id=2923048015&amp;cat_id=2&amp;is_b=1&amp;rn=4e27d71fc51a42ff41febb0e495165f1" target="_blank" title="I5-7300HQ   10系独显,Asus/华硕 FX- FX53
48-11,//detail.tmall.com/item.htm?id=544754735630&amp;skuId=3282986276812&amp;areaId=110100&amp;user_id=2814722036&amp;cat_id=2&amp;is_b=1&amp;rn=4e27d71fc51a42ff41febb0e495165f1" target="_blank" title="Asus/华硕 Vx V,Asus/华硕 Vx V
49-11,//detail.tmall.com/item.htm?id=544569163645&amp;skuId=3281780001207&amp;areaId=110100&amp;user_id=1796420762&amp;cat_id=2&amp;is_b=1&amp;rn=4e27d71fc51a42ff41febb0e495165f1" target="_blank" title="7代 I5 7200U 1TB硬盘 2G独显,Asus/华硕 A A556UQ7200
50-11,//detail.tmall.com/item.htm?id=543491948543&amp;skuId=4611686561919336447&amp;areaId=110100&amp;user_id=2700507684&amp;cat_id=2&amp;is_b=1&amp;rn=4e27d71fc51a42ff41febb0e495165f1" target="_blank" title="Samsung/三星 笔记本 300E5K-X03">Samsung/三星 <span class="H,笔记本</span> 300E5K-X03
51-11,//detail.tmall.com/item.htm?id=544491104724&amp;skuId=3295343668807&amp;areaId=110100&amp;user_id=2929656260&amp;cat_id=2&amp;is_b=1&amp;rn=4e27d71fc51a42ff41febb0e495165f1" target="_blank" title="7代处理器 256G固态 高清屏 金属,Acer/宏 travelmate TMTX50-G2-50D4
52-11,//detail.tmall.com/item.htm?id=534475828739&amp;skuId=3273558317567&amp;areaId=110100&amp;user_id=1796610007&amp;cat_id=2&amp;is_b=1&amp;rn=4e27d71fc51a42ff41febb0e495165f1" target="_blank" title="酷睿i5、2G独显、4G DDR4,Lenovo/联想 IdeaPad 310S-14ISK
53-11,//detail.tmall.com/item.htm?id=544698584258&amp;skuId=3282985316472&amp;areaId=110100&amp;user_id=2814722036&amp;cat_id=2&amp;is_b=1&amp;rn=4e27d71fc51a42ff41febb0e495165f1" target="_blank" title="北极星显卡 7代四核 双硬盘,Asus/华硕 ASUS V
54-11,//detail.tmall.com/item.htm?id=521974084032&amp;skuId=3238428013981&amp;areaId=110100&amp;user_id=601366705&amp;cat_id=2&amp;is_b=1&amp;rn=4e27d71fc51a42ff41febb0e495165f1" target="_blank" title="i7六代CPU 15.6英寸高分游戏本,QRTECH 麦本本 大麦3
55-11,//detail.tmall.com/item.htm?id=544511035718&amp;skuId=3445854350431&amp;areaId=110100&amp;user_id=656928553&amp;cat_id=2&amp;is_b=1&amp;rn=4e27d71fc51a42ff41febb0e495165f1" target="_blank" title="四核处理器 4G内存 2G独显,Lenovo/联想 IdeaPad 110-15 A6
56-11,//detail.tmall.com/item.htm?id=522047566774&amp;skuId=3109624053333&amp;areaId=110100&amp;user_id=2341352343&amp;cat_id=2&amp;is_b=1&amp;rn=4e27d71fc51a42ff41febb0e495165f1" target="_blank" title="2G显存 轻薄游戏本 抢现金红包,Daysky D L7
57-11,//detail.tmall.com/item.htm?id=536796175276&amp;skuId=3292438872953&amp;areaId=110100&amp;user_id=276171224&amp;cat_id=2&amp;is_b=1&amp;rn=4e27d71fc51a42ff41febb0e495165f1" target="_blank" title="512固态，9mm酷薄，疾速四核,清华同方 锋锐 S2K
58-11,//detail.tmall.com/item.htm?id=545181169496&amp;skuId=3451988195852&amp;areaId=110100&amp;user_id=2260271310&amp;cat_id=2&amp;is_b=1&amp;rn=4e27d71fc51a42ff41febb0e495165f1" target="_blank" title="惠普暗影精灵17.3英寸游戏笔记本,HP/惠普 暗影精灵II代 OMEN 17 w205tx
59-11,//detail.tmall.com/item.htm?id=544571586861&amp;skuId=3281950497140&amp;areaId=110100&amp;user_id=3039031267&amp;cat_id=2&amp;is_b=1&amp;rn=4e27d71fc51a42ff41febb0e495165f1" target="_blank" title="Dell/戴尔 VOSTRO- V5468,Dell/戴尔 VOSTRO- V5468
60-11,//detail.tmall.com/item.htm?id=545239517839&amp;skuId=3288518909387&amp;areaId=110100&amp;user_id=236934417&amp;cat_id=2&amp;is_b=1&amp;rn=4e27d71fc51a42ff41febb0e495165f1" target="_blank" title="七代I5-7200U 2GDDR5独显,Acer/宏 E5-575G 七代I5
